season,points_id,player_id,win_points,placement,match_id,location_name,nickname,cum_sum_placement,cum_sum_placement_season
2021/2022,20211110,1,150,1,1,Bowbar,Pichy,1,1
2021/2022,20211210,2,132,4,1,Bowbar,Helcl,4,4
2021/2022,20211310,3,144,2,1,Bowbar,Vrbic,2,2
2021/2022,20211410,4,144,2,1,Bowbar,Spinda,2,2
2021/2022,20212110,1,107,4,2,Bowbar,Pichy,5,5
2021/2022,20212210,2,148,2,2,Bowbar,Helcl,6,6
2021/2022,20212310,3,174,1,2,Bowbar,Vrbic,3,3
2021/2022,20212410,4,147,3,2,Bowbar,Spinda,5,5
2021/2022,20213110,1,164,2,3,Bowbar,Pichy,7,7
2021/2022,20213210,2,199,1,3,Bowbar,Helcl,7,7
2021/2022,20213310,3,146,4,3,Bowbar,Vrbic,7,7
2021/2022,20213410,4,155,3,3,Bowbar,Spinda,8,8
2021/2022,20214110,1,178,2,4,Bowbar,Pichy,9,9
2021/2022,20214210,2,184,1,4,Bowbar,Helcl,8,8
2021/2022,20214310,3,137,4,4,Bowbar,Vrbic,11,11
2021/2022,20214410,4,160,3,4,Bowbar,Spinda,11,11
2021/2022,20215110,1,156,3,5,Bowbar,Pichy,12,12
2021/2022,20215210,2,160,1,5,Bowbar,Helcl,9,9
2021/2022,20215310,3,126,4,5,Bowbar,Vrbic,15,15
2021/2022,20215410,4,158,2,5,Bowbar,Spinda,13,13
2021/2022,20226110,1,147,3,6,Bowbar,Pichy,15,15
2021/2022,20226210,2,129,4,6,Bowbar,Helcl,13,13
2021/2022,20226310,3,165,2,6,Bowbar,Vrbic,17,17
2021/2022,20226410,4,167,1,6,Bowbar,Spinda,14,14
2021/2022,20227110,1,139,4,7,Bowbar,Pichy,19,19
2021/2022,20227210,2,164,2,7,Bowbar,Helcl,15,15
2021/2022,20227310,3,161,3,7,Bowbar,Vrbic,20,20
2021/2022,20227410,4,219,1,7,Bowbar,Spinda,15,15
2021/2022,20228110,1,136,2,8,Bowbar,Pichy,21,21
2021/2022,20228210,2,154,1,8,Bowbar,Helcl,16,16
2021/2022,20228310,3,131,3,8,Bowbar,Vrbic,23,23
2021/2022,20228410,4,96,4,8,Bowbar,Spinda,19,19
2021/2022,20229110,1,134,1,9,Bowbar,Pichy,22,22
2021/2022,20229210,2,108,2,9,Bowbar,Helcl,18,18
2021/2022,20229310,3,105,3,9,Bowbar,Vrbic,26,26
2021/2022,20229410,4,92,4,9,Bowbar,Spinda,23,23
2021/2022,202210110,1,140,1,10,"Victoria Bowling",Pichy,23,23
2021/2022,202210210,2,86,3,10,"Victoria Bowling",Helcl,21,21
2021/2022,202210310,3,118,2,10,"Victoria Bowling",Vrbic,28,28
2021/2022,202210410,4,74,4,10,"Victoria Bowling",Spinda,27,27
2021/2022,202211110,1,137,2,11,"Victoria Bowling",Pichy,25,25
2021/2022,202211210,2,104,4,11,"Victoria Bowling",Helcl,25,25
2021/2022,202211310,3,145,1,11,"Victoria Bowling",Vrbic,29,29
2021/2022,202211410,4,126,3,11,"Victoria Bowling",Spinda,30,30
2021/2022,202212110,1,102,3,12,"Victoria Bowling",Pichy,28,28
2021/2022,202212210,2,79,4,12,"Victoria Bowling",Helcl,29,29
2021/2022,202212310,3,131,1,12,"Victoria Bowling",Vrbic,30,30
2021/2022,202212410,4,128,2,12,"Victoria Bowling",Spinda,32,32
2021/2022,202213110,1,126,1,13,"Victoria Bowling",Pichy,29,29
2021/2022,202213210,2,118,2,13,"Victoria Bowling",Helcl,31,31
2021/2022,202213310,3,109,4,13,"Victoria Bowling",Vrbic,34,34
2021/2022,202213410,4,112,3,13,"Victoria Bowling",Spinda,35,35
2021/2022,202214110,1,92,4,14,"Victoria Bowling",Pichy,33,33
2021/2022,202214210,2,166,1,14,"Victoria Bowling",Helcl,32,32
2021/2022,202214310,3,99,3,14,"Victoria Bowling",Vrbic,37,37
2021/2022,202214410,4,129,2,14,"Victoria Bowling",Spinda,37,37
2021/2022,202215110,1,117,3,15,"Victoria Bowling",Pichy,36,36
2021/2022,202215210,2,150,1,15,"Victoria Bowling",Helcl,33,33
2021/2022,202215310,3,103,4,15,"Victoria Bowling",Vrbic,41,41
2021/2022,202215410,4,128,2,15,"Victoria Bowling",Spinda,39,39
2021/2022,202216110,1,114,2,16,"Victoria Bowling",Pichy,38,38
2021/2022,202216210,2,138,1,16,"Victoria Bowling",Helcl,34,34
2021/2022,202216310,3,97,4,16,"Victoria Bowling",Vrbic,45,45
2021/2022,202216410,4,107,3,16,"Victoria Bowling",Spinda,42,42
2021/2022,202217110,1,122,3,17,"Victoria Bowling",Pichy,41,41
2021/2022,202217210,2,123,2,17,"Victoria Bowling",Helcl,36,36
2021/2022,202217310,3,111,4,17,"Victoria Bowling",Vrbic,49,49
2021/2022,202217410,4,125,1,17,"Victoria Bowling",Spinda,43,43
2021/2022,202218110,1,149,2,18,Bowbar,Pichy,43,43
2021/2022,202218210,2,142,3,18,Bowbar,Helcl,39,39
2021/2022,202218310,3,172,1,18,Bowbar,Vrbic,50,50
2021/2022,202218410,4,136,4,18,Bowbar,Spinda,47,47
2021/2022,202219110,1,148,3,19,Bowbar,Pichy,46,46
2021/2022,202219210,2,171,2,19,Bowbar,Helcl,41,41
2021/2022,202219310,3,142,4,19,Bowbar,Vrbic,54,54
2021/2022,202219410,4,194,1,19,Bowbar,Spinda,48,48
2021/2022,202220110,1,135,3,20,Bowbar,Pichy,49,49
2021/2022,202220210,2,180,1,20,Bowbar,Helcl,42,42
2021/2022,202220310,3,130,4,20,Bowbar,Vrbic,58,58
2021/2022,202220410,4,144,2,20,Bowbar,Spinda,50,50
2021/2022,202221110,1,93,4,21,"Victoria Bowling",Pichy,53,53
2021/2022,202221210,2,125,2,21,"Victoria Bowling",Helcl,44,44
2021/2022,202221310,3,122,3,21,"Victoria Bowling",Vrbic,61,61
2021/2022,202221410,4,129,1,21,"Victoria Bowling",Spinda,51,51
2021/2022,202222110,1,113,1,22,"Victoria Bowling",Pichy,54,54
2021/2022,202222210,2,113,1,22,"Victoria Bowling",Helcl,45,45
2021/2022,202222310,3,88,3,22,"Victoria Bowling",Vrbic,64,64
2021/2022,202222410,4,86,4,22,"Victoria Bowling",Spinda,55,55
2021/2022,202223110,1,118,4,23,"Victoria Bowling",Pichy,58,58
2021/2022,202223210,2,136,2,23,"Victoria Bowling",Helcl,47,47
2021/2022,202223310,3,124,3,23,"Victoria Bowling",Vrbic,67,67
2021/2022,202223410,4,138,1,23,"Victoria Bowling",Spinda,56,56
2021/2022,202224110,1,122,4,24,"Bowling Smíchov",Pichy,62,62
2021/2022,202224210,2,126,2,24,"Bowling Smíchov",Helcl,49,49
2021/2022,202224310,3,126,2,24,"Bowling Smíchov",Vrbic,69,69
2021/2022,202224410,4,146,1,24,"Bowling Smíchov",Spinda,57,57
2021/2022,202225110,1,113,3,25,"Bowling Smíchov",Pichy,65,65
2021/2022,202225210,2,133,2,25,"Bowling Smíchov",Helcl,51,51
2021/2022,202225310,3,103,4,25,"Bowling Smíchov",Vrbic,73,73
2021/2022,202225410,4,151,1,25,"Bowling Smíchov",Spinda,58,58
2021/2022,202226110,1,119,3,26,"Bowling Smíchov",Pichy,68,68
2021/2022,202226210,2,170,1,26,"Bowling Smíchov",Helcl,52,52
2021/2022,202226310,3,110,4,26,"Bowling Smíchov",Vrbic,77,77
2021/2022,202226410,4,120,2,26,"Bowling Smíchov",Spinda,60,60
2021/2022,202227110,1,89,4,27,"Bowling Smíchov",Pichy,72,72
2021/2022,202227210,2,154,1,27,"Bowling Smíchov",Helcl,53,53
2021/2022,202227310,3,154,1,27,"Bowling Smíchov",Vrbic,78,78
2021/2022,202227410,4,128,3,27,"Bowling Smíchov",Spinda,63,63
2021/2022,202228110,1,91,4,28,"Bowling Smíchov",Pichy,76,76
2021/2022,202228210,2,151,1,28,"Bowling Smíchov",Helcl,54,54
2021/2022,202228310,3,128,2,28,"Bowling Smíchov",Vrbic,80,80
2021/2022,202228410,4,127,3,28,"Bowling Smíchov",Spinda,66,66
2022/2023,202229110,1,86,4,29,"Victoria Bowling",Pichy,80,4
2022/2023,202229210,2,143,1,29,"Victoria Bowling",Helcl,55,1
2022/2023,202229310,3,115,2,29,"Victoria Bowling",Vrbic,82,2
2022/2023,202229410,4,109,3,29,"Victoria Bowling",Spinda,69,3
2022/2023,202230110,1,155,1,30,"Victoria Bowling",Pichy,81,5
2022/2023,202230210,2,117,3,30,"Victoria Bowling",Helcl,58,4
2022/2023,202230310,3,144,2,30,"Victoria Bowling",Vrbic,84,4
2022/2023,202230410,4,115,4,30,"Victoria Bowling",Spinda,73,7
2022/2023,202231110,1,136,2,31,"Victoria Bowling",Pichy,83,7
2022/2023,202231210,2,154,1,31,"Victoria Bowling",Helcl,59,5
2022/2023,202231310,3,126,3,31,"Victoria Bowling",Vrbic,87,7
2022/2023,202231410,4,94,4,31,"Victoria Bowling",Spinda,77,11
2022/2023,202232110,1,127,2,32,"Victoria Bowling",Pichy,85,9
2022/2023,202232210,2,101,4,32,"Victoria Bowling",Helcl,63,9
2022/2023,202232310,3,111,3,32,"Victoria Bowling",Vrbic,90,10
2022/2023,202232410,4,163,1,32,"Victoria Bowling",Spinda,78,12
2022/2023,202233110,1,106,4,33,"Victoria Bowling",Pichy,89,13
2022/2023,202233210,2,143,1,33,"Victoria Bowling",Helcl,64,10
2022/2023,202233310,3,135,2,33,"Victoria Bowling",Vrbic,92,12
2022/2023,202233410,4,113,3,33,"Victoria Bowling",Spinda,81,15
2022/2023,202234110,1,140,2,34,"Victoria Bowling",Pichy,91,15
2022/2023,202234210,2,119,4,34,"Victoria Bowling",Helcl,68,14
2022/2023,202234310,3,167,1,34,"Victoria Bowling",Vrbic,93,13
2022/2023,202234410,4,125,3,34,"Victoria Bowling",Spinda,84,18
2022/2023,202235110,1,106,4,35,"Victoria Bowling",Pichy,95,19
2022/2023,202235210,2,132,2,35,"Victoria Bowling",Helcl,70,16
2022/2023,202235310,3,160,1,35,"Victoria Bowling",Vrbic,94,14
2022/2023,202235410,4,107,3,35,"Victoria Bowling",Spinda,87,21
2022/2023,202236110,1,127,2,36,"Victoria Bowling",Pichy,97,21
2022/2023,202236210,2,172,1,36,"Victoria Bowling",Helcl,71,17
2022/2023,202236310,3,125,3,36,"Victoria Bowling",Vrbic,97,17
2022/2023,202236410,4,121,4,36,"Victoria Bowling",Spinda,91,25
2022/2023,202237110,1,125,3,37,"Bowling v továrně",Pichy,100,24
2022/2023,202237210,2,175,1,37,"Bowling v továrně",Helcl,72,18
2022/2023,202237310,3,135,2,37,"Bowling v továrně",Vrbic,99,19
2022/2023,202237410,4,108,4,37,"Bowling v továrně",Spinda,95,29
2022/2023,202238110,1,105,3,38,"Bowling v továrně",Pichy,103,27
2022/2023,202238210,2,122,1,38,"Bowling v továrně",Helcl,73,19
2022/2023,202238310,3,94,4,38,"Bowling v továrně",Vrbic,103,23
2022/2023,202238410,4,113,2,38,"Bowling v továrně",Spinda,97,31
2022/2023,202239110,1,96,4,39,"Victoria Bowling",Pichy,107,31
2022/2023,202239210,2,134,1,39,"Victoria Bowling",Helcl,74,20
2022/2023,202239310,3,108,2,39,"Victoria Bowling",Vrbic,105,25
2022/2023,202239410,4,105,3,39,"Victoria Bowling",Spinda,100,34
2022/2023,202240110,1,92,3,40,"Victoria Bowling",Pichy,110,34
2022/2023,202240210,2,140,1,40,"Victoria Bowling",Helcl,75,21
2022/2023,202240310,3,86,4,40,"Victoria Bowling",Vrbic,109,29
2022/2023,202240410,4,118,2,40,"Victoria Bowling",Spinda,102,36
2022/2023,202241110,1,74,4,41,"Victoria Bowling",Pichy,114,38
2022/2023,202241210,2,137,2,41,"Victoria Bowling",Helcl,77,23
2022/2023,202241310,3,104,3,41,"Victoria Bowling",Vrbic,112,32
2022/2023,202241410,4,145,1,41,"Victoria Bowling",Spinda,103,37
2022/2023,202242110,1,92,4,42,"Victoria Bowling",Pichy,118,42
2022/2023,202242210,2,181,1,42,"Victoria Bowling",Helcl,78,24
2022/2023,202242310,3,176,2,42,"Victoria Bowling",Vrbic,114,34
2022/2023,202242410,4,109,3,42,"Victoria Bowling",Spinda,106,40
2022/2023,202243110,1,124,3,43,"Victoria Bowling",Pichy,121,45
2022/2023,202243210,2,211,1,43,"Victoria Bowling",Helcl,79,25
2022/2023,202243310,3,130,2,43,"Victoria Bowling",Vrbic,116,36
2022/2023,202243410,4,118,4,43,"Victoria Bowling",Spinda,110,44
2022/2023,202244110,1,176,1,44,"Bowling Smíchov",Pichy,122,46
2022/2023,202244210,2,136,2,44,"Bowling Smíchov",Helcl,81,27
2022/2023,202244310,3,81,4,44,"Bowling Smíchov",Vrbic,120,40
2022/2023,202244410,4,109,3,44,"Bowling Smíchov",Spinda,113,47
2022/2023,202245110,1,104,3,45,"Bowling Smíchov",Pichy,125,49
2022/2023,202245210,2,95,4,45,"Bowling Smíchov",Helcl,85,31
2022/2023,202245310,3,116,2,45,"Bowling Smíchov",Vrbic,122,42
2022/2023,202245410,4,149,1,45,"Bowling Smíchov",Spinda,114,48
2022/2023,202246110,1,116,4,46,"Xbowling Strašnice",Pichy,129,53
2022/2023,202246210,2,143,2,46,"Xbowling Strašnice",Helcl,87,33
2022/2023,202246310,3,144,1,46,"Xbowling Strašnice",Vrbic,123,43
2022/2023,202246410,4,131,3,46,"Xbowling Strašnice",Spinda,117,51
2022/2023,202247110,1,111,3,47,"Xbowling Strašnice",Pichy,132,56
2022/2023,202247210,2,133,2,47,"Xbowling Strašnice",Helcl,89,35
2022/2023,202247310,3,163,1,47,"Xbowling Strašnice",Vrbic,124,44
2022/2023,202247410,4,109,4,47,"Xbowling Strašnice",Spinda,121,55
2022/2023,202248110,1,73,4,48,"Victoria Bowling",Pichy,136,60
2022/2023,202248210,2,124,2,48,"Victoria Bowling",Helcl,91,37
2022/2023,202248310,3,111,3,48,"Victoria Bowling",Vrbic,127,47
2022/2023,202248410,4,173,1,48,"Victoria Bowling",Spinda,122,56
2022/2023,202249110,1,105,4,49,"Victoria Bowling",Pichy,140,64
2022/2023,202249210,2,224,1,49,"Victoria Bowling",Helcl,92,38
2022/2023,202249310,3,141,3,49,"Victoria Bowling",Vrbic,130,50
2022/2023,202249410,4,148,2,49,"Victoria Bowling",Spinda,124,58
2022/2023,202350110,1,136,2,50,"Xbowling Žižkov",Pichy,142,66
2022/2023,202350210,2,149,1,50,"Xbowling Žižkov",Helcl,93,39
2022/2023,202350310,3,115,4,50,"Xbowling Žižkov",Vrbic,134,54
2022/2023,202350410,4,118,3,50,"Xbowling Žižkov",Spinda,127,61
2022/2023,202351110,1,105,3,51,"Xbowling Žižkov",Pichy,145,69
2022/2023,202351210,2,146,2,51,"Xbowling Žižkov",Helcl,95,41
2022/2023,202351310,3,149,1,51,"Xbowling Žižkov",Vrbic,135,55
2022/2023,202351410,4,95,4,51,"Xbowling Žižkov",Spinda,131,65
2022/2023,202352110,1,101,4,52,"Xbowling Žižkov",Pichy,149,73
2022/2023,202352210,2,129,1,52,"Xbowling Žižkov",Helcl,96,42
2022/2023,202352310,3,115,2,52,"Xbowling Žižkov",Vrbic,137,57
2022/2023,202352410,4,113,3,52,"Xbowling Žižkov",Spinda,134,68
2022/2023,202353110,1,96,4,53,"Victoria Bowling",Pichy,153,77
2022/2023,202353210,2,182,1,53,"Victoria Bowling",Helcl,97,43
2022/2023,202353310,3,120,2,53,"Victoria Bowling",Vrbic,139,59
2022/2023,202353410,4,116,3,53,"Victoria Bowling",Spinda,137,71
2022/2023,202354110,1,114,3,54,"Victoria Bowling",Pichy,156,80
2022/2023,202354210,2,159,1,54,"Victoria Bowling",Helcl,98,44
2022/2023,202354310,3,157,2,54,"Victoria Bowling",Vrbic,141,61
2022/2023,202354410,4,112,4,54,"Victoria Bowling",Spinda,141,75
2022/2023,202355110,1,121,3,55,"Victoria Bowling",Pichy,159,83
2022/2023,202355210,2,107,4,55,"Victoria Bowling",Helcl,102,48
2022/2023,202355310,3,140,1,55,"Victoria Bowling",Vrbic,142,62
2022/2023,202355410,4,135,2,55,"Victoria Bowling",Spinda,143,77
2022/2023,202356110,1,132,3,56,"Victoria Bowling",Pichy,162,86
2022/2023,202356210,2,155,1,56,"Victoria Bowling",Helcl,103,49
2022/2023,202356310,3,152,2,56,"Victoria Bowling",Vrbic,144,64
2022/2023,202356410,4,110,4,56,"Victoria Bowling",Spinda,147,81
2022/2023,202357110,1,103,3,57,"Victoria Bowling",Pichy,165,89
2022/2023,202357210,2,187,1,57,"Victoria Bowling",Helcl,104,50
2022/2023,202357310,3,102,4,57,"Victoria Bowling",Vrbic,148,68
2022/2023,202357410,4,148,2,57,"Victoria Bowling",Spinda,149,83
2022/2023,202358110,1,152,2,58,"Victoria Bowling",Pichy,167,91
2022/2023,202358210,2,200,1,58,"Victoria Bowling",Helcl,105,51
2022/2023,202358310,3,99,4,58,"Victoria Bowling",Vrbic,152,72
2022/2023,202358410,4,121,3,58,"Victoria Bowling",Spinda,152,86
2022/2023,202359110,1,123,4,59,"Victoria Bowling",Pichy,171,95
2022/2023,202359210,2,137,1,59,"Victoria Bowling",Helcl,106,52
2022/2023,202359310,3,124,3,59,"Victoria Bowling",Vrbic,155,75
2022/2023,202359410,4,131,2,59,"Victoria Bowling",Spinda,154,88
2022/2023,202360110,1,123,2,60,"Victoria Bowling",Pichy,173,97
2022/2023,202360210,2,137,1,60,"Victoria Bowling",Helcl,107,53
2022/2023,202360310,3,114,4,60,"Victoria Bowling",Vrbic,159,79
2022/2023,202360410,4,122,3,60,"Victoria Bowling",Spinda,157,91
2022/2023,202361110,1,101,4,61,"Victoria Bowling",Pichy,177,101
2022/2023,202361210,2,124,1,61,"Victoria Bowling",Helcl,108,54
2022/2023,202361310,3,108,3,61,"Victoria Bowling",Vrbic,162,82
2022/2023,202361410,4,121,2,61,"Victoria Bowling",Spinda,159,93
2022/2023,202362110,1,114,3,62,"Victoria Bowling",Pichy,180,104
2022/2023,202362210,2,168,1,62,"Victoria Bowling",Helcl,109,55
2022/2023,202362310,3,109,4,62,"Victoria Bowling",Vrbic,166,86
2022/2023,202362410,4,147,2,62,"Victoria Bowling",Spinda,161,95
2022/2023,202363110,1,132,3,63,"Victoria Bowling",Pichy,183,107
2022/2023,202363210,2,140,2,63,"Victoria Bowling",Helcl,111,57
2022/2023,202363310,3,91,4,63,"Victoria Bowling",Vrbic,170,90
2022/2023,202363410,4,148,1,63,"Victoria Bowling",Spinda,162,96
2022/2023,202364110,1,121,2,64,"Victoria Bowling",Pichy,185,109
2022/2023,202364210,2,143,1,64,"Victoria Bowling",Helcl,112,58
2022/2023,202364310,3,100,4,64,"Victoria Bowling",Vrbic,174,94
2022/2023,202364410,4,108,3,64,"Victoria Bowling",Spinda,165,99
2022/2023,202365110,1,91,4,65,"Victoria Bowling",Pichy,189,113
2022/2023,202365210,2,167,1,65,"Victoria Bowling",Helcl,113,59
2022/2023,202365310,3,112,2,65,"Victoria Bowling",Vrbic,176,96
2022/2023,202365410,4,101,3,65,"Victoria Bowling",Spinda,168,102
2022/2023,202366110,1,98,4,66,"Aboslutní bowling",Pichy,193,117
2022/2023,202366210,2,145,2,66,"Aboslutní bowling",Helcl,115,61
2022/2023,202366310,3,112,3,66,"Aboslutní bowling",Vrbic,179,99
2022/2023,202366410,4,148,1,66,"Aboslutní bowling",Spinda,169,103
2022/2023,202367110,1,81,4,67,"Aboslutní bowling",Pichy,197,121
2022/2023,202367210,2,162,1,67,"Aboslutní bowling",Helcl,116,62
2022/2023,202367310,3,83,3,67,"Aboslutní bowling",Vrbic,182,102
2022/2023,202367410,4,120,2,67,"Aboslutní bowling",Spinda,171,105
2022/2023,202368110,1,119,4,68,"Victoria Bowling",Pichy,201,125
2022/2023,202368210,2,152,2,68,"Victoria Bowling",Helcl,118,64
2022/2023,202368310,3,155,1,68,"Victoria Bowling",Vrbic,183,103
2022/2023,202368410,4,146,3,68,"Victoria Bowling",Spinda,174,108
2022/2023,202369110,1,121,3,69,"Victoria Bowling",Pichy,204,128
2022/2023,202369210,2,180,1,69,"Victoria Bowling",Helcl,119,65
2022/2023,202369310,3,113,4,69,"Victoria Bowling",Vrbic,187,107
2022/2023,202369410,4,177,2,69,"Victoria Bowling",Spinda,176,110
2022/2023,202370110,1,115,4,70,"Victoria Bowling",Pichy,208,132
2022/2023,202370210,2,136,2,70,"Victoria Bowling",Helcl,121,67
2022/2023,202370310,3,145,1,70,"Victoria Bowling",Vrbic,188,108
2022/2023,202370410,4,121,3,70,"Victoria Bowling",Spinda,179,113
2023/2024,202371110,1,122,3,71,"Xbowling Strašnice",Pichy,211,3
2023/2024,202371210,2,135,2,71,"Xbowling Strašnice",Helcl,123,2
2023/2024,202371310,3,102,4,71,"Xbowling Strašnice",Vrbic,192,4
2023/2024,202371410,4,136,1,71,"Xbowling Strašnice",Spinda,180,1
2023/2024,202372110,1,128,3,72,"Xbowling Strašnice",Pichy,214,6
2023/2024,202372210,2,182,1,72,"Xbowling Strašnice",Helcl,124,3
2023/2024,202372310,3,113,4,72,"Xbowling Strašnice",Vrbic,196,8
2023/2024,202372410,4,133,2,72,"Xbowling Strašnice",Spinda,182,3
2023/2024,202373110,1,103,4,73,"Xbowling Strašnice",Pichy,218,10
2023/2024,202373210,2,156,1,73,"Xbowling Strašnice",Helcl,125,4
2023/2024,202373310,3,116,3,73,"Xbowling Strašnice",Vrbic,199,11
2023/2024,202373410,4,138,2,73,"Xbowling Strašnice",Spinda,184,5
2023/2024,202374110,1,122,4,74,"Xbowling Strašnice",Pichy,222,14
2023/2024,202374210,2,172,1,74,"Xbowling Strašnice",Helcl,126,5
2023/2024,202374310,3,123,3,74,"Xbowling Strašnice",Vrbic,202,14
2023/2024,202374410,4,163,2,74,"Xbowling Strašnice",Spinda,186,7
2023/2024,202375110,1,83,4,75,"Xbowling Strašnice",Pichy,226,18
2023/2024,202375210,2,162,1,75,"Xbowling Strašnice",Helcl,127,6
2023/2024,202375310,3,127,3,75,"Xbowling Strašnice",Vrbic,205,17
2023/2024,202375410,4,160,2,75,"Xbowling Strašnice",Spinda,188,9
2023/2024,202376110,1,118,3,76,"Xbowling Strašnice",Pichy,229,21
2023/2024,202376210,2,129,2,76,"Xbowling Strašnice",Helcl,129,8
2023/2024,202376310,3,99,4,76,"Xbowling Strašnice",Vrbic,209,21
2023/2024,202376410,4,131,1,76,"Xbowling Strašnice",Spinda,189,10
2023/2024,202377110,1,173,1,77,"Xbowling Strašnice",Pichy,230,22
2023/2024,202377210,2,129,3,77,"Xbowling Strašnice",Helcl,132,11
2023/2024,202377310,3,90,4,77,"Xbowling Strašnice",Vrbic,213,25
2023/2024,202377410,4,161,2,77,"Xbowling Strašnice",Spinda,191,12
2023/2024,202478110,1,166,2,78,Xbowling Strašnice,Pichy,232,24
2023/2024,202478210,2,167,1,78,Xbowling Strašnice,Helcl,133,12
2023/2024,202478310,3,110,4,78,Xbowling Strašnice,Vrbic,217,29
2023/2024,202478410,4,136,3,78,Xbowling Strašnice,Spinda,194,15
2023/2024,202479110,1,130,2,79,Xbowling Strašnice,Pichy,234,26
2023/2024,202479210,2,148,1,79,Xbowling Strašnice,Helcl,134,13
2023/2024,202479310,3,101,4,79,Xbowling Strašnice,Vrbic,221,33
2023/2024,202479410,4,106,3,79,Xbowling Strašnice,Spinda,197,18
2023/2024,202480110,1,141,1,80,"Xbowling Prosek",Pichy,235,27
2023/2024,202480210,2,140,2,80,"Xbowling Prosek",Helcl,136,15
2023/2024,202480310,3,94,4,80,"Xbowling Prosek",Vrbic,225,37
2023/2024,202480410,4,138,3,80,"Xbowling Prosek",Spinda,200,21
2023/2024,202481110,1,121,3,81,"Xbowling Prosek",Pichy,238,30
2023/2024,202481210,2,114,4,81,"Xbowling Prosek",Helcl,140,19
2023/2024,202481310,3,217,1,81,"Xbowling Prosek",Vrbic,226,38
2023/2024,202481410,4,173,2,81,"Xbowling Prosek",Spinda,202,23
2023/2024,202482110,1,124,4,82,"Xbowling Prosek",Pichy,242,34
2023/2024,202482210,2,144,3,82,"Xbowling Prosek",Helcl,143,22
2023/2024,202482310,3,163,1,82,"Xbowling Prosek",Vrbic,227,39
2023/2024,202482410,4,158,2,82,"Xbowling Prosek",Spinda,204,25
2023/2024,202483110,1,113,4,83,"Xbowling Prosek",Pichy,246,39
2023/2024,202483210,2,143,2,83,"Xbowling Prosek",Helcl,145,24
2023/2024,202483310,3,120,3,83,"Xbowling Prosek",Vrbic,230,42
2023/2024,202483410,4,206,1,83,"Xbowling Prosek",Spinda,205,26
2023/2024,202484110,1,165,1,84,"Xbowling Prosek",Pichy,247,40
2023/2024,202484210,2,144,2,84,"Xbowling Prosek",Helcl,147,26
2023/2024,202484310,3,114,4,84,"Xbowling Prosek",Vrbic,234,46
2023/2024,202484410,4,136,3,84,"Xbowling Prosek",Spinda,208,28
2023/2024,202485110,1,128,3,85,"Xbowling Prosek",Pichy,250,43
2023/2024,202485210,2,142,1,85,"Xbowling Prosek",Helcl,148,27
2023/2024,202485310,3,102,4,85,"Xbowling Prosek",Vrbic,238,50
2023/2024,202485410,4,137,2,85,"Xbowling Prosek",Spinda,210,30
2023/2024,202486110,1,137,4,86,"Xbowling Prosek",Pichy,254,47
2023/2024,202486210,2,140,3,86,"Xbowling Prosek",Helcl,151,30
2023/2024,202486310,3,142,2,86,"Xbowling Prosek",Vrbic,240,52
2023/2024,202486410,4,166,1,86,"Xbowling Prosek",Spinda,211,31
2023/2024,202487110,1,130,3,87,"Xbowling Prosek",Pichy,257,50
2023/2024,202487210,2,157,2,87,"Xbowling Prosek",Helcl,153,32
2023/2024,202487310,3,111,4,87,"Xbowling Prosek",Vrbic,244,56
2023/2024,202487410,4,163,1,87,"Xbowling Prosek",Spinda,212,32
2023/2024,202488110,1,120,4,88,"Xbowling Prosek",Pichy,261,54
2023/2024,202488210,2,139,2,88,"Xbowling Prosek",Helcl,155,34
2023/2024,202488310,3,136,3,88,"Xbowling Prosek",Vrbic,247,59
2023/2024,202488410,4,161,1,88,"Xbowling Prosek",Spinda,213,33
2023/2024,202489110,1,139,1,89,"Xbowling Prosek",Pichy,262,55
2023/2024,202489210,2,134,2.5,89,"Xbowling Prosek",Helcl,157.5,36.5
2023/2024,202489310,3,115,4,89,"Xbowling Prosek",Vrbic,251,63
2023/2024,202489410,4,134,2.5,89,"Xbowling Prosek",Spinda,215.5,35.5
2024/2025,202490110,1,148,4,90,"Victoria Bowling",Pichy,265,3
2024/2025,202490210,2,180,1,90,"Victoria Bowling",Helcl,158.5,1
2024/2025,202490310,3,147,3,90,"Victoria Bowling",Vrbic,255,4
2024/2025,202490410,4,172,2,90,"Victoria Bowling",Spinda,217.5,2
2024/2025,202491110,1,175,2,91,"Victoria Bowling",Pichy,267,5
2024/2025,202491210,2,164,3,91,"Victoria Bowling",Helcl,161.5,4
2024/2025,202491310,3,123,4,91,"Victoria Bowling",Vrbic,260,8
2024/2025,202491410,4,188,1,91,"Victoria Bowling",Spinda,218.5,3
2024/2025,202492110,1,121,3,92,"Victoria Bowling",Pichy,270,8
2024/2025,202492210,2,126,2,92,"Victoria Bowling",Helcl,163.5,6
2024/2025,202492310,3,110,4,92,"Victoria Bowling",Vrbic,264,12
2024/2025,202492410,4,147,1,92,"Victoria Bowling",Spinda,219.5,4
2024/2025,202593110,1,147,2,93,"Xbowling Prosek",Pichy,273,11
2024/2025,202593210,2,125,3,93,"Xbowling Prosek",Helcl,167,9
2024/2025,202593310,3,123,4,93,"Xbowling Prosek",Vrbic,266,15
2024/2025,202593410,4,214,1,93,"Xbowling Prosek",Spinda,221,5
2024/2025,202594110,1,166,1,94,"Xbowling Prosek",Pichy,274,12
2024/2025,202594210,2,147,2,94,"Xbowling Prosek",Helcl,169,11
2024/2025,202594310,3,86,4,94,"Xbowling Prosek",Vrbic,270,19
2024/2025,202594410,4,139,3,94,"Xbowling Prosek",Spinda,224,8
2024/2025,202595110,1,102,4,95,"Xbowling Prosek",Pichy,278,16
2024/2025,202595210,2,189,1,95,"Xbowling Prosek",Helcl,170,12
2024/2025,202595310,3,175,2,95,"Xbowling Prosek",Vrbic,272,21
2024/2025,202595410,4,126,3,95,"Xbowling Prosek",Spinda,227,11
2024/2025,202596110,1,107,4,96,"Na Ovčíně",Pichy,282,20
2024/2025,202596210,2,130,1,96,"Na Ovčíně",Helcl,171,13
2024/2025,202596310,3,128,2,96,"Na Ovčíně",Vrbic,274,23
2024/2025,202596410,4,112,3,96,"Na Ovčíně",Spinda,230,14
2024/2025,202597110,1,137,3,97,"Na Ovčíně",Pichy,285,23
2024/2025,202597210,2,119,4,97,"Na Ovčíně",Helcl,175,17
2024/2025,202597310,3,160,2,97,"Na Ovčíně",Vrbic,276,25
2024/2025,202597410,4,178,1,97,"Na Ovčíně",Spinda,231,15
2024/2025,202598110,1,126,3,98,"Na Ovčíně",Pichy,288,26
2024/2025,202598210,2,148,1,98,"Na Ovčíně",Helcl,176,18
2024/2025,202598310,3,108,4,98,"Na Ovčíně",Vrbic,280,29
2024/2025,202598410,4,130,2,98,"Na Ovčíně",Spinda,233,17
2024/2025,202599110,1,135,2,99,"Na Ovčíně",Pichy,290,28
2024/2025,202599210,2,105,3,99,"Na Ovčíně",Helcl,179,21
2024/2025,202599310,3,99,4,99,"Na Ovčíně",Vrbic,284,33
2024/2025,202599410,4,137,1,99,"Na Ovčíně",Spinda,234,18
2024/2025,2025100110,1,116,3,100,"Na Ovčíně",Pichy,293,31
2024/2025,2025100210,2,169,1,100,"Na Ovčíně",Helcl,180,22
2024/2025,2025100310,3,109,4,100,"Na Ovčíně",Vrbic,288,37
2024/2025,2025100410,4,166,2,100,"Na Ovčíně",Spinda,236,20
2024/2025,2025101110,1,131,3,101,"Na Ovčíně",Pichy,296,34
2024/2025,2025101210,2,137,2,101,"Na Ovčíně",Helcl,182,24
2024/2025,2025101310,3,78,4,101,"Na Ovčíně",Vrbic,292,41
2024/2025,2025101410,4,146,1,101,"Na Ovčíně",Spinda,237,21


