game_date,year,season,points_id,player_id,win_points,match_id,location_name,nickname,strike_count,spare_count,gutter_1_count,gutter_2_count,split_count,game_time,total_throws,strike_percentage,spare_percentage
2021-12-01,2021,2021/2022,11220211110,1,150,1,Bowbar,Pichy,2,4,0,1,0,19,10,0.2000,0.5000
2021-12-01,2021,2021/2022,11220211210,2,132,1,Bowbar,Helcl,4,2,0,2,0,19,11,0.3636,0.2857
2021-12-01,2021,2021/2022,11220211310,3,144,1,Bowbar,Vrbic,4,0,0,1,0,19,10,0.4000,0.0000
2021-12-01,2021,2021/2022,11220211410,4,144,1,Bowbar,Spinda,3,3,0,2,0,19,10,0.3000,0.4286
2021-12-01,2021,2021/2022,11220212110,1,107,2,Bowbar,Pichy,0,0,0,2,0,23,11,0.0000,0.0000
2021-12-01,2021,2021/2022,11220212210,2,148,2,Bowbar,Helcl,2,3,0,3,0,23,10,0.2000,0.3750
2021-12-01,2021,2021/2022,11220212310,3,174,2,Bowbar,Vrbic,2,6,0,2,0,23,11,0.1818,0.6667
2021-12-01,2021,2021/2022,11220212410,4,147,2,Bowbar,Spinda,2,4,0,2,0,23,11,0.1818,0.4444
2021-12-08,2021,2021/2022,81220213110,1,164,3,Bowbar,Pichy,3,3,0,2,0,24,11,0.2727,0.3750
2021-12-08,2021,2021/2022,81220213210,2,199,3,Bowbar,Helcl,5,4,0,0,0,24,11,0.4545,0.6667
2021-12-08,2021,2021/2022,81220213310,3,146,3,Bowbar,Vrbic,0,7,0,2,0,24,11,0.0000,0.6364
2021-12-08,2021,2021/2022,81220213410,4,155,3,Bowbar,Spinda,2,5,0,2,0,24,11,0.1818,0.5556
2021-12-08,2021,2021/2022,81220214110,1,178,4,Bowbar,Pichy,4,4,0,1,0,24,11,0.3636,0.5714
2021-12-08,2021,2021/2022,81220214210,2,184,4,Bowbar,Helcl,3,5,0,1,0,24,11,0.2727,0.6250
2021-12-08,2021,2021/2022,81220214310,3,137,4,Bowbar,Vrbic,2,4,0,3,0,24,10,0.2000,0.5000
2021-12-08,2021,2021/2022,81220214410,4,160,4,Bowbar,Spinda,2,6,0,1,0,24,11,0.1818,0.6667
2021-12-08,2021,2021/2022,81220215110,1,156,5,Bowbar,Pichy,5,1,0,3,0,25,11,0.4545,0.1667
2021-12-08,2021,2021/2022,81220215210,2,160,5,Bowbar,Helcl,3,5,0,1,0,25,11,0.2727,0.6250
2021-12-08,2021,2021/2022,81220215310,3,126,5,Bowbar,Vrbic,1,4,0,3,0,25,11,0.0909,0.4000
2021-12-08,2021,2021/2022,81220215410,4,158,5,Bowbar,Spinda,2,5,0,1,0,25,11,0.1818,0.5556
2022-01-05,2022,2021/2022,50120226110,1,147,6,Bowbar,Pichy,3,3,0,3,0,21,11,0.2727,0.3750
2022-01-05,2022,2021/2022,50120226210,2,129,6,Bowbar,Helcl,0,6,0,1,0,21,11,0.0000,0.5455
2022-01-05,2022,2021/2022,50120226310,3,165,6,Bowbar,Vrbic,4,3,0,3,0,21,11,0.3636,0.4286
2022-01-05,2022,2021/2022,50120226410,4,167,6,Bowbar,Spinda,4,3,0,2,0,21,10,0.4000,0.5000
2022-01-05,2022,2021/2022,50120227110,1,139,7,Bowbar,Pichy,3,3,0,0,0,22,11,0.2727,0.3750
2022-01-05,2022,2021/2022,50120227210,2,164,7,Bowbar,Helcl,3,3,0,2,0,22,10,0.3000,0.4286
2022-01-05,2022,2021/2022,50120227310,3,161,7,Bowbar,Vrbic,3,4,0,0,0,22,11,0.2727,0.5000
2022-01-05,2022,2021/2022,50120227410,4,219,7,Bowbar,Spinda,6,5,0,0,0,22,12,0.5000,0.8333
2022-02-08,2022,2021/2022,80220228110,1,136,8,Bowbar,Pichy,4,2,0,3,0,26,11,0.3636,0.2857
2022-02-08,2022,2021/2022,80220228210,2,154,8,Bowbar,Helcl,3,4,0,2,0,26,12,0.2500,0.4444
2022-02-08,2022,2021/2022,80220228310,3,131,8,Bowbar,Vrbic,1,4,0,3,0,26,10,0.1000,0.4444
2022-02-08,2022,2021/2022,80220228410,4,163,8,Bowbar,Spinda,1,7,0,1,0,26,11,0.0909,0.7000
2022-02-08,2022,2021/2022,80220229110,1,155,9,Bowbar,Pichy,1,6,0,1,0,24,11,0.0909,0.6000
2022-02-08,2022,2021/2022,80220229210,2,234,9,Bowbar,Helcl,7,2,0,1,0,24,11,0.6364,0.5000
2022-02-08,2022,2021/2022,80220229310,3,121,9,Bowbar,Vrbic,1,3,0,1,0,24,10,0.1000,0.3333
2022-02-08,2022,2021/2022,80220229410,4,186,9,Bowbar,Spinda,5,5,0,1,0,24,12,0.4167,0.7143
2022-02-22,2022,2021/2022,2202202210110,1,140,10,"Victoria Bowling",Pichy,4,1,0,3,0,22,10,0.4000,0.1667
2022-02-22,2022,2021/2022,2202202210210,2,158,10,"Victoria Bowling",Helcl,3,6,0,0,0,22,12,0.2500,0.6667
2022-02-22,2022,2021/2022,2202202210310,3,92,10,"Victoria Bowling",Vrbic,1,2,0,4,0,22,11,0.0909,0.2000
2022-02-22,2022,2021/2022,2202202210410,4,101,10,"Victoria Bowling",Spinda,1,2,1,1,0,22,10,0.1000,0.2222
2022-02-22,2022,2021/2022,2202202211110,1,156,11,"Victoria Bowling",Pichy,5,2,0,3,0,28,12,0.4167,0.2857
2022-02-22,2022,2021/2022,2202202211210,2,108,11,"Victoria Bowling",Helcl,0,3,0,3,1,28,10,0.0000,0.3000
2022-02-22,2022,2021/2022,2202202211310,3,112,11,"Victoria Bowling",Vrbic,1,3,0,3,1,28,10,0.1000,0.3333
2022-02-22,2022,2021/2022,2202202211410,4,126,11,"Victoria Bowling",Spinda,2,3,0,3,1,28,10,0.2000,0.3750
2022-03-02,2022,2021/2022,203202212110,1,102,12,"Victoria Bowling",Pichy,1,1,0,4,0,22,10,0.1000,0.1111
2022-03-02,2022,2021/2022,203202212210,2,79,12,"Victoria Bowling",Helcl,0,1,1,2,0,22,10,0.0000,0.1000
2022-03-02,2022,2021/2022,203202212310,3,131,12,"Victoria Bowling",Vrbic,2,4,0,3,0,22,10,0.2000,0.5000
2022-03-02,2022,2021/2022,203202212410,4,128,12,"Victoria Bowling",Spinda,2,1,0,1,1,22,10,0.2000,0.1250
2022-03-02,2022,2021/2022,203202213110,1,126,13,"Victoria Bowling",Pichy,1,4,0,1,0,26,10,0.1000,0.4444
2022-03-02,2022,2021/2022,203202213210,2,118,13,"Victoria Bowling",Helcl,1,2,0,2,2,26,10,0.1000,0.2222
2022-03-02,2022,2021/2022,203202213310,3,109,13,"Victoria Bowling",Vrbic,3,0,3,1,0,26,10,0.3000,0.0000
2022-03-02,2022,2021/2022,203202213410,4,112,13,"Victoria Bowling",Spinda,0,4,0,3,0,26,10,0.0000,0.4000
2022-03-02,2022,2021/2022,203202214110,1,92,14,"Victoria Bowling",Pichy,1,2,1,2,1,23,10,0.1000,0.2222
2022-03-02,2022,2021/2022,203202214210,2,166,14,"Victoria Bowling",Helcl,5,3,0,0,0,23,11,0.4545,0.5000
2022-03-02,2022,2021/2022,203202214310,3,99,14,"Victoria Bowling",Vrbic,1,1,0,1,0,23,10,0.1000,0.1111
2022-03-02,2022,2021/2022,203202214410,4,129,14,"Victoria Bowling",Spinda,3,2,0,2,3,23,10,0.3000,0.2857
2022-04-06,2022,2021/2022,604202215110,1,117,15,"Victoria Bowling",Pichy,1,2,3,2,2,24,11,0.0909,0.2000
2022-04-06,2022,2021/2022,604202215210,2,150,15,"Victoria Bowling",Helcl,1,6,0,0,0,24,11,0.0909,0.6000
2022-04-06,2022,2021/2022,604202215310,3,103,15,"Victoria Bowling",Vrbic,0,2,0,3,1,24,11,0.0000,0.1818
2022-04-06,2022,2021/2022,604202215410,4,128,15,"Victoria Bowling",Spinda,1,4,0,3,1,24,11,0.0909,0.4000
2022-04-06,2022,2021/2022,604202216110,1,114,16,"Victoria Bowling",Pichy,1,3,0,2,0,22,10,0.1000,0.3333
2022-04-06,2022,2021/2022,604202216210,2,138,16,"Victoria Bowling",Helcl,3,2,0,3,0,22,11,0.2727,0.2500
2022-04-06,2022,2021/2022,604202216310,3,97,16,"Victoria Bowling",Vrbic,2,1,1,1,0,22,11,0.1818,0.1111
2022-04-06,2022,2021/2022,604202216410,4,107,16,"Victoria Bowling",Spinda,1,2,0,4,0,22,10,0.1000,0.2222
2022-04-06,2022,2021/2022,604202217110,1,122,17,"Victoria Bowling",Pichy,2,2,0,2,0,23,10,0.2000,0.2500
2022-04-06,2022,2021/2022,604202217210,2,123,17,"Victoria Bowling",Helcl,1,3,0,1,2,23,11,0.0909,0.3000
2022-04-06,2022,2021/2022,604202217310,3,111,17,"Victoria Bowling",Vrbic,2,2,0,4,1,23,10,0.2000,0.2500
2022-04-06,2022,2021/2022,604202217410,4,125,17,"Victoria Bowling",Spinda,1,5,0,2,2,23,10,0.1000,0.5556
2022-04-20,2022,2021/2022,2004202218110,1,149,18,Bowbar,Pichy,2,5,0,1,0,27,11,0.1818,0.5556
2022-04-20,2022,2021/2022,2004202218210,2,142,18,Bowbar,Helcl,1,6,0,1,0,27,11,0.0909,0.6000
2022-04-20,2022,2021/2022,2004202218310,3,172,18,Bowbar,Vrbic,3,5,0,0,0,27,10,0.3000,0.7143
2022-04-20,2022,2021/2022,2004202218410,4,136,18,Bowbar,Spinda,4,2,0,3,0,27,12,0.3333,0.2500
2022-04-20,2022,2021/2022,2004202219110,1,148,19,Bowbar,Pichy,1,5,0,3,0,22,10,0.1000,0.5556
2022-04-20,2022,2021/2022,2004202219210,2,171,19,Bowbar,Helcl,3,5,0,0,0,22,11,0.2727,0.6250
2022-04-20,2022,2021/2022,2004202219310,3,142,19,Bowbar,Vrbic,2,4,0,3,0,22,10,0.2000,0.5000
2022-04-20,2022,2021/2022,2004202219410,4,194,19,Bowbar,Spinda,5,5,0,1,0,22,11,0.4545,0.8333
2022-04-20,2022,2021/2022,2004202220110,1,135,20,Bowbar,Pichy,1,5,0,0,0,22,10,0.1000,0.5556
2022-04-20,2022,2021/2022,2004202220210,2,180,20,Bowbar,Helcl,5,2,0,2,0,22,11,0.4545,0.3333
2022-04-20,2022,2021/2022,2004202220310,3,130,20,Bowbar,Vrbic,2,2,0,2,0,22,10,0.2000,0.2500
2022-04-20,2022,2021/2022,2004202220410,4,144,20,Bowbar,Spinda,2,3,0,3,0,22,10,0.2000,0.3750
2022-04-26,2022,2021/2022,2604202221110,1,93,21,"Victoria Bowling",Pichy,2,0,0,5,2,24,10,0.2000,0.0000
2022-04-26,2022,2021/2022,2604202221210,2,125,21,"Victoria Bowling",Helcl,2,2,1,1,0,24,10,0.2000,0.2500
2022-04-26,2022,2021/2022,2604202221310,3,122,21,"Victoria Bowling",Vrbic,0,4,0,3,2,24,10,0.0000,0.4000
2022-04-26,2022,2021/2022,2604202221410,4,129,21,"Victoria Bowling",Spinda,2,3,0,4,0,24,11,0.1818,0.3333
2022-04-26,2022,2021/2022,2604202222110,1,113,22,"Victoria Bowling",Pichy,0,3,0,5,0,26,11,0.0000,0.2727
2022-04-26,2022,2021/2022,2604202222210,2,113,22,"Victoria Bowling",Helcl,1,2,1,3,1,26,11,0.0909,0.2000
2022-04-26,2022,2021/2022,2604202222310,3,88,22,"Victoria Bowling",Vrbic,1,1,0,4,0,26,10,0.1000,0.1111
2022-04-26,2022,2021/2022,2604202222410,4,86,22,"Victoria Bowling",Spinda,0,3,0,2,1,26,10,0.0000,0.3000
2022-04-26,2022,2021/2022,2604202223110,1,118,23,"Victoria Bowling",Pichy,2,3,0,3,2,24,11,0.1818,0.3333
2022-04-26,2022,2021/2022,2604202223210,2,136,23,"Victoria Bowling",Helcl,1,5,0,2,2,24,11,0.0909,0.5000
2022-04-26,2022,2021/2022,2604202223310,3,124,23,"Victoria Bowling",Vrbic,1,3,1,3,2,24,10,0.1000,0.3333
2022-04-26,2022,2021/2022,2604202223410,4,138,23,"Victoria Bowling",Spinda,3,2,0,1,0,24,11,0.2727,0.2500
2022-05-25,2022,2021/2022,2505202224110,1,122,24,"Bowling Smíchov",Pichy,0,5,1,2,0,20,11,0.0000,0.4545
2022-05-25,2022,2021/2022,2505202224210,2,126,24,"Bowling Smíchov",Helcl,1,4,0,3,0,20,11,0.0909,0.4000
2022-05-25,2022,2021/2022,2505202224310,3,126,24,"Bowling Smíchov",Vrbic,3,2,0,1,1,20,11,0.2727,0.2500
2022-05-25,2022,2021/2022,2505202224410,4,146,24,"Bowling Smíchov",Spinda,2,4,0,1,0,20,10,0.2000,0.5000
2022-05-25,2022,2021/2022,2505202225110,1,113,25,"Bowling Smíchov",Pichy,0,4,0,3,0,24,10,0.0000,0.4000
2022-05-25,2022,2021/2022,2505202225210,2,133,25,"Bowling Smíchov",Helcl,2,2,0,3,1,24,11,0.1818,0.2222
2022-05-25,2022,2021/2022,2505202225310,3,103,25,"Bowling Smíchov",Vrbic,1,2,0,4,2,24,10,0.1000,0.2222
2022-05-25,2022,2021/2022,2505202225410,4,151,25,"Bowling Smíchov",Spinda,4,1,0,4,0,24,12,0.3333,0.1250
2022-05-25,2022,2021/2022,2505202226110,1,119,26,"Bowling Smíchov",Pichy,1,3,1,1,1,25,11,0.0909,0.3000
2022-05-25,2022,2021/2022,2505202226210,2,170,26,"Bowling Smíchov",Helcl,4,4,0,1,1,25,10,0.4000,0.6667
2022-05-25,2022,2021/2022,2505202226310,3,110,26,"Bowling Smíchov",Vrbic,2,1,1,4,1,25,11,0.1818,0.1111
2022-05-25,2022,2021/2022,2505202226410,4,120,26,"Bowling Smíchov",Spinda,0,5,0,2,0,25,11,0.0000,0.4545
2022-05-25,2022,2021/2022,2505202227110,1,89,27,"Bowling Smíchov",Pichy,0,1,0,2,0,24,10,0.0000,0.1000
2022-05-25,2022,2021/2022,2505202227210,2,154,27,"Bowling Smíchov",Helcl,4,2,0,3,0,24,10,0.4000,0.3333
2022-05-25,2022,2021/2022,2505202227310,3,154,27,"Bowling Smíchov",Vrbic,5,1,0,1,0,24,12,0.4167,0.1429
2022-05-25,2022,2021/2022,2505202227410,4,128,27,"Bowling Smíchov",Spinda,0,5,0,3,3,24,10,0.0000,0.5000
2022-05-25,2022,2021/2022,2505202228110,1,91,28,"Bowling Smíchov",Pichy,0,2,0,3,1,26,10,0.0000,0.2000
2022-05-25,2022,2021/2022,2505202228210,2,151,28,"Bowling Smíchov",Helcl,3,3,0,1,1,26,10,0.3000,0.4286
2022-05-25,2022,2021/2022,2505202228310,3,128,28,"Bowling Smíchov",Vrbic,2,3,0,0,0,26,10,0.2000,0.3750
2022-05-25,2022,2021/2022,2505202228410,4,127,28,"Bowling Smíchov",Spinda,1,4,0,4,1,26,10,0.1000,0.4444
2022-10-12,2022,2022/2023,1210202229110,1,86,29,"Victoria Bowling",Pichy,0,1,0,8,1,23,10,0.0000,0.1000
2022-10-12,2022,2022/2023,1210202229210,2,143,29,"Victoria Bowling",Helcl,3,2,0,2,0,23,11,0.2727,0.2500
2022-10-12,2022,2022/2023,1210202229310,3,115,29,"Victoria Bowling",Vrbic,2,3,1,2,0,23,11,0.1818,0.3333
2022-10-12,2022,2022/2023,1210202229410,4,109,29,"Victoria Bowling",Spinda,3,0,0,5,1,23,10,0.3000,0.0000
2022-10-12,2022,2022/2023,1210202230110,1,155,30,"Victoria Bowling",Pichy,3,3,0,1,0,24,11,0.2727,0.3750
2022-10-12,2022,2022/2023,1210202230210,2,117,30,"Victoria Bowling",Helcl,2,1,0,3,0,24,10,0.2000,0.1250
2022-10-12,2022,2022/2023,1210202230310,3,144,30,"Victoria Bowling",Vrbic,2,5,0,3,1,24,11,0.1818,0.5556
2022-10-12,2022,2022/2023,1210202230410,4,115,30,"Victoria Bowling",Spinda,0,3,0,3,2,24,10,0.0000,0.3000
2022-10-18,2022,2022/2023,1810202231110,1,136,31,"Victoria Bowling",Pichy,2,3,1,1,2,23,10,0.2000,0.3750
2022-10-18,2022,2022/2023,1810202231210,2,154,31,"Victoria Bowling",Helcl,1,5,0,0,3,23,11,0.0909,0.5000
2022-10-18,2022,2022/2023,1810202231310,3,126,31,"Victoria Bowling",Vrbic,2,3,1,3,0,23,11,0.1818,0.3333
2022-10-18,2022,2022/2023,1810202231410,4,94,31,"Victoria Bowling",Spinda,0,2,1,3,0,23,10,0.0000,0.2000
2022-10-18,2022,2022/2023,1810202232110,1,127,32,"Victoria Bowling",Pichy,2,2,0,4,1,24,10,0.2000,0.2500
2022-10-18,2022,2022/2023,1810202232210,2,101,32,"Victoria Bowling",Helcl,1,1,0,1,2,24,11,0.0909,0.1000
2022-10-18,2022,2022/2023,1810202232310,3,111,32,"Victoria Bowling",Vrbic,1,2,0,5,2,24,11,0.0909,0.2000
2022-10-18,2022,2022/2023,1810202232410,4,163,32,"Victoria Bowling",Spinda,4,3,0,0,1,24,11,0.3636,0.4286
2022-10-18,2022,2022/2023,1810202233110,1,106,33,"Victoria Bowling",Pichy,1,2,0,6,0,23,10,0.1000,0.2222
2022-10-18,2022,2022/2023,1810202233210,2,143,33,"Victoria Bowling",Helcl,1,5,0,2,1,23,11,0.0909,0.5000
2022-10-18,2022,2022/2023,1810202233310,3,135,33,"Victoria Bowling",Vrbic,4,1,1,2,0,23,10,0.4000,0.1667
2022-10-18,2022,2022/2023,1810202233410,4,113,33,"Victoria Bowling",Spinda,1,2,0,1,0,23,10,0.1000,0.2222
2022-10-25,2022,2022/2023,2510202234110,1,140,34,"Victoria Bowling",Pichy,5,2,1,1,0,22,11,0.4545,0.3333
2022-10-25,2022,2022/2023,2510202234210,2,119,34,"Victoria Bowling",Helcl,3,1,0,1,2,22,10,0.3000,0.1429
2022-10-25,2022,2022/2023,2510202234310,3,167,34,"Victoria Bowling",Vrbic,5,1,0,3,0,22,10,0.5000,0.2000
2022-10-25,2022,2022/2023,2510202234410,4,125,34,"Victoria Bowling",Spinda,1,3,0,3,1,22,11,0.0909,0.3000
2022-10-25,2022,2022/2023,2510202235110,1,106,35,"Victoria Bowling",Pichy,2,1,0,3,2,21,10,0.2000,0.1250
2022-10-25,2022,2022/2023,2510202235210,2,132,35,"Victoria Bowling",Helcl,3,1,0,2,0,21,10,0.3000,0.1429
2022-10-25,2022,2022/2023,2510202235310,3,160,35,"Victoria Bowling",Vrbic,4,2,0,1,0,21,10,0.4000,0.3333
2022-10-25,2022,2022/2023,2510202235410,4,107,35,"Victoria Bowling",Spinda,1,3,0,1,1,21,10,0.1000,0.3333
2022-10-25,2022,2022/2023,2510202236110,1,127,36,"Victoria Bowling",Pichy,1,3,0,1,0,24,11,0.0909,0.3000
2022-10-25,2022,2022/2023,2510202236210,2,172,36,"Victoria Bowling",Helcl,2,6,1,1,1,24,11,0.1818,0.6667
2022-10-25,2022,2022/2023,2510202236310,3,125,36,"Victoria Bowling",Vrbic,2,2,1,2,0,24,11,0.1818,0.2222
2022-10-25,2022,2022/2023,2510202236410,4,121,36,"Victoria Bowling",Spinda,2,3,0,2,1,24,12,0.1667,0.3000
2022-11-06,2022,2022/2023,611202237110,1,125,37,"Bowling v továrně",Pichy,0,5,0,4,0,35,10,0.0000,0.5000
2022-11-06,2022,2022/2023,611202237210,2,175,37,"Bowling v továrně",Helcl,3,4,0,2,1,35,11,0.2727,0.5000
2022-11-06,2022,2022/2023,611202237310,3,135,37,"Bowling v továrně",Vrbic,1,5,0,3,0,35,10,0.1000,0.5556
2022-11-06,2022,2022/2023,611202237410,4,108,37,"Bowling v továrně",Spinda,1,2,0,3,0,35,10,0.1000,0.2222
2022-11-06,2022,2022/2023,611202238110,1,105,38,"Bowling v továrně",Pichy,1,3,0,4,0,25,11,0.0909,0.3000
2022-11-06,2022,2022/2023,611202238210,2,122,38,"Bowling v továrně",Helcl,2,2,0,1,0,25,11,0.1818,0.2222
2022-11-06,2022,2022/2023,611202238310,3,94,38,"Bowling v továrně",Vrbic,0,2,0,1,0,25,10,0.0000,0.2000
2022-11-06,2022,2022/2023,611202238410,4,113,38,"Bowling v továrně",Spinda,2,3,0,4,0,25,11,0.1818,0.3333
2022-11-08,2022,2022/2023,811202239110,1,96,39,"Victoria Bowling",Pichy,1,1,3,4,1,23,10,0.1000,0.1111
2022-11-08,2022,2022/2023,811202239210,2,134,39,"Victoria Bowling",Helcl,2,3,0,4,0,23,10,0.2000,0.3750
2022-11-08,2022,2022/2023,811202239310,3,108,39,"Victoria Bowling",Vrbic,1,2,0,3,2,23,11,0.0909,0.2000
2022-11-08,2022,2022/2023,811202239410,4,105,39,"Victoria Bowling",Spinda,2,0,1,3,0,23,10,0.2000,0.0000
2022-11-08,2022,2022/2023,811202240110,1,92,40,"Victoria Bowling",Pichy,1,3,2,2,0,23,10,0.1000,0.3333
2022-11-08,2022,2022/2023,811202240210,2,140,40,"Victoria Bowling",Helcl,2,4,0,2,0,23,11,0.1818,0.4444
2022-11-08,2022,2022/2023,811202240310,3,86,40,"Victoria Bowling",Vrbic,0,1,0,5,0,23,10,0.0000,0.1000
2022-11-08,2022,2022/2023,811202240410,4,118,40,"Victoria Bowling",Spinda,3,1,0,5,0,23,10,0.3000,0.1429
2022-11-08,2022,2022/2023,811202241110,1,74,41,"Victoria Bowling",Pichy,0,0,1,3,1,22,10,0.0000,0.0000
2022-11-08,2022,2022/2023,811202241210,2,137,41,"Victoria Bowling",Helcl,2,3,0,2,0,22,10,0.2000,0.3750
2022-11-08,2022,2022/2023,811202241310,3,104,41,"Victoria Bowling",Vrbic,0,3,0,2,1,22,10,0.0000,0.3000
2022-11-08,2022,2022/2023,811202241410,4,145,41,"Victoria Bowling",Spinda,3,2,0,2,2,22,10,0.3000,0.2857
2022-11-29,2022,2022/2023,2911202242110,1,92,42,"Victoria Bowling",Pichy,2,2,3,4,1,22,10,0.2000,0.2500
2022-11-29,2022,2022/2023,2911202242210,2,181,42,"Victoria Bowling",Helcl,3,6,0,0,0,22,11,0.2727,0.7500
2022-11-29,2022,2022/2023,2911202242310,3,176,42,"Victoria Bowling",Vrbic,4,4,0,1,0,22,10,0.4000,0.6667
2022-11-29,2022,2022/2023,2911202242410,4,109,42,"Victoria Bowling",Spinda,0,4,1,4,0,22,11,0.0000,0.3636
2022-11-29,2022,2022/2023,2911202243110,1,124,43,"Victoria Bowling",Pichy,2,4,1,1,0,22,11,0.1818,0.4444
2022-11-29,2022,2022/2023,2911202243210,2,211,43,"Victoria Bowling",Helcl,5,4,0,0,1,22,10,0.5000,0.8000
2022-11-29,2022,2022/2023,2911202243310,3,130,43,"Victoria Bowling",Vrbic,4,0,0,4,0,22,11,0.3636,0.0000
2022-11-29,2022,2022/2023,2911202243410,4,118,43,"Victoria Bowling",Spinda,1,4,0,2,1,22,11,0.0909,0.4000
2022-12-08,2022,2022/2023,812202244110,1,176,44,"Bowling Smíchov",Pichy,5,3,0,0,0,25,11,0.4545,0.5000
2022-12-08,2022,2022/2023,812202244210,2,136,44,"Bowling Smíchov",Helcl,3,3,0,1,2,25,11,0.2727,0.3750
2022-12-08,2022,2022/2023,812202244310,3,81,44,"Bowling Smíchov",Vrbic,0,3,1,5,1,25,10,0.0000,0.3000
2022-12-08,2022,2022/2023,812202244410,4,109,44,"Bowling Smíchov",Spinda,1,4,0,2,0,25,11,0.0909,0.4000
2022-12-08,2022,2022/2023,812202245110,1,104,45,"Bowling Smíchov",Pichy,2,0,0,4,1,28,10,0.2000,0.0000
2022-12-08,2022,2022/2023,812202245210,2,95,45,"Bowling Smíchov",Helcl,0,2,0,4,1,28,10,0.0000,0.2000
2022-12-08,2022,2022/2023,812202245310,3,116,45,"Bowling Smíchov",Vrbic,1,3,0,2,1,28,11,0.0909,0.3000
2022-12-08,2022,2022/2023,812202245410,4,149,45,"Bowling Smíchov",Spinda,5,2,0,2,1,28,11,0.4545,0.3333
2022-12-13,2022,2022/2023,1312202246110,1,116,46,"Xbowling Strašnice",Pichy,1,4,0,2,0,26,10,0.1000,0.4444
2022-12-13,2022,2022/2023,1312202246210,2,143,46,"Xbowling Strašnice",Helcl,3,2,0,0,2,26,10,0.3000,0.2857
2022-12-13,2022,2022/2023,1312202246310,3,144,46,"Xbowling Strašnice",Vrbic,4,1,0,3,1,26,10,0.4000,0.1667
2022-12-13,2022,2022/2023,1312202246410,4,131,46,"Xbowling Strašnice",Spinda,1,4,0,3,0,26,11,0.0909,0.4000
2022-12-13,2022,2022/2023,1312202247110,1,111,47,"Xbowling Strašnice",Pichy,1,2,0,4,1,29,11,0.0909,0.2000
2022-12-13,2022,2022/2023,1312202247210,2,133,47,"Xbowling Strašnice",Helcl,0,5,0,3,1,29,10,0.0000,0.5000
2022-12-13,2022,2022/2023,1312202247310,3,163,47,"Xbowling Strašnice",Vrbic,3,5,0,0,1,29,11,0.2727,0.6250
2022-12-13,2022,2022/2023,1312202247410,4,109,47,"Xbowling Strašnice",Spinda,0,2,1,4,1,29,10,0.0000,0.2000
2022-12-21,2022,2022/2023,2112202248110,1,73,48,"Victoria Bowling",Pichy,0,1,2,4,1,24,10,0.0000,0.1000
2022-12-21,2022,2022/2023,2112202248210,2,124,48,"Victoria Bowling",Helcl,2,2,0,3,3,24,11,0.1818,0.2222
2022-12-21,2022,2022/2023,2112202248310,3,111,48,"Victoria Bowling",Vrbic,1,4,2,0,0,24,11,0.0909,0.4000
2022-12-21,2022,2022/2023,2112202248410,4,173,48,"Victoria Bowling",Spinda,4,3,0,0,1,24,10,0.4000,0.5000
2022-12-21,2022,2022/2023,2112202249110,1,105,49,"Victoria Bowling",Pichy,1,3,1,1,0,22,10,0.1000,0.3333
2022-12-21,2022,2022/2023,2112202249210,2,224,49,"Victoria Bowling",Helcl,6,4,0,0,0,22,11,0.5455,0.8000
2022-12-21,2022,2022/2023,2112202249310,3,141,49,"Victoria Bowling",Vrbic,4,2,0,1,1,22,12,0.3333,0.2500
2022-12-21,2022,2022/2023,2112202249410,4,148,49,"Victoria Bowling",Spinda,3,2,0,4,0,22,11,0.2727,0.2500
2023-01-04,2023,2022/2023,401202350110,1,136,50,"Xbowling Žižkov",Pichy,2,3,0,1,0,24,10,0.2000,0.3750
2023-01-04,2023,2022/2023,401202350210,2,149,50,"Xbowling Žižkov",Helcl,2,6,0,1,0,24,11,0.1818,0.6667
2023-01-04,2023,2022/2023,401202350310,3,115,50,"Xbowling Žižkov",Vrbic,1,3,1,2,0,24,10,0.1000,0.3333
2023-01-04,2023,2022/2023,401202350410,4,118,50,"Xbowling Žižkov",Spinda,0,4,0,3,0,24,11,0.0000,0.3636
2023-01-04,2023,2022/2023,401202351110,1,105,51,"Xbowling Žižkov",Pichy,1,2,1,3,1,23,10,0.1000,0.2222
2023-01-04,2023,2022/2023,401202351210,2,146,51,"Xbowling Žižkov",Helcl,3,3,0,1,2,23,10,0.3000,0.4286
2023-01-04,2023,2022/2023,401202351310,3,149,51,"Xbowling Žižkov",Vrbic,4,4,1,1,0,23,12,0.3333,0.5000
2023-01-04,2023,2022/2023,401202351410,4,95,51,"Xbowling Žižkov",Spinda,2,0,0,6,1,23,10,0.2000,0.0000
2023-01-04,2023,2022/2023,401202352110,1,101,52,"Xbowling Žižkov",Pichy,1,1,0,6,1,25,10,0.1000,0.1111
2023-01-04,2023,2022/2023,401202352210,2,129,52,"Xbowling Žižkov",Helcl,3,2,0,1,1,25,10,0.3000,0.2857
2023-01-04,2023,2022/2023,401202352310,3,115,52,"Xbowling Žižkov",Vrbic,2,2,0,1,0,25,11,0.1818,0.2222
2023-01-04,2023,2022/2023,401202352410,4,113,52,"Xbowling Žižkov",Spinda,1,2,0,2,0,25,11,0.0909,0.2000
2023-01-10,2023,2022/2023,1001202353110,1,96,53,"Victoria Bowling",Pichy,1,1,0,4,0,23,10,0.1000,0.1111
2023-01-10,2023,2022/2023,1001202353210,2,182,53,"Victoria Bowling",Helcl,5,5,0,1,0,23,11,0.4545,0.8333
2023-01-10,2023,2022/2023,1001202353310,3,120,53,"Victoria Bowling",Vrbic,0,5,0,2,0,23,10,0.0000,0.5000
2023-01-10,2023,2022/2023,1001202353410,4,116,53,"Victoria Bowling",Spinda,2,1,0,4,0,23,11,0.1818,0.1111
2023-01-10,2023,2022/2023,1001202354110,1,114,54,"Victoria Bowling",Pichy,2,1,0,2,1,23,10,0.2000,0.1250
2023-01-10,2023,2022/2023,1001202354210,2,159,54,"Victoria Bowling",Helcl,3,4,0,1,2,23,11,0.2727,0.5000
2023-01-10,2023,2022/2023,1001202354310,3,157,54,"Victoria Bowling",Vrbic,3,4,0,2,0,23,11,0.2727,0.5000
2023-01-10,2023,2022/2023,1001202354410,4,112,54,"Victoria Bowling",Spinda,2,1,0,1,0,23,10,0.2000,0.1250
2023-01-10,2023,2022/2023,1001202355110,1,121,55,"Victoria Bowling",Pichy,0,4,0,1,1,25,11,0.0000,0.3636
2023-01-10,2023,2022/2023,1001202355210,2,107,55,"Victoria Bowling",Helcl,0,3,0,3,1,25,10,0.0000,0.3000
2023-01-10,2023,2022/2023,1001202355310,3,140,55,"Victoria Bowling",Vrbic,1,5,0,1,1,25,10,0.1000,0.5556
2023-01-10,2023,2022/2023,1001202355410,4,135,55,"Victoria Bowling",Spinda,2,4,0,1,0,25,11,0.1818,0.4444
2023-01-17,2023,2022/2023,1701202356110,1,132,56,"Victoria Bowling",Pichy,2,3,1,1,0,24,11,0.1818,0.3333
2023-01-17,2023,2022/2023,1701202356210,2,155,56,"Victoria Bowling",Helcl,2,4,0,3,0,24,11,0.1818,0.4444
2023-01-17,2023,2022/2023,1701202356310,3,152,56,"Victoria Bowling",Vrbic,2,6,0,1,0,24,11,0.1818,0.6667
2023-01-17,2023,2022/2023,1701202356410,4,110,56,"Victoria Bowling",Spinda,2,1,0,1,1,24,10,0.2000,0.1250
2023-01-17,2023,2022/2023,1701202357110,1,103,57,"Victoria Bowling",Pichy,1,2,2,1,0,21,10,0.1000,0.2222
2023-01-17,2023,2022/2023,1701202357210,2,187,57,"Victoria Bowling",Helcl,6,1,0,1,1,21,10,0.6000,0.2500
2023-01-17,2023,2022/2023,1701202357310,3,102,57,"Victoria Bowling",Vrbic,1,1,1,0,0,21,10,0.1000,0.1111
2023-01-17,2023,2022/2023,1701202357410,4,148,57,"Victoria Bowling",Spinda,2,5,2,0,0,21,11,0.1818,0.5556
2023-01-17,2023,2022/2023,1701202358110,1,152,58,"Victoria Bowling",Pichy,4,2,2,0,0,25,11,0.3636,0.2857
2023-01-17,2023,2022/2023,1701202358210,2,200,58,"Victoria Bowling",Helcl,6,4,0,1,0,25,11,0.5455,0.8000
2023-01-17,2023,2022/2023,1701202358310,3,99,58,"Victoria Bowling",Vrbic,1,2,1,4,0,25,11,0.0909,0.2000
2023-01-17,2023,2022/2023,1701202358410,4,121,58,"Victoria Bowling",Spinda,1,3,0,3,1,25,10,0.1000,0.3333
2023-01-24,2023,2022/2023,2401202359110,1,123,59,"Victoria Bowling",Pichy,0,5,0,2,0,24,10,0.0000,0.5000
2023-01-24,2023,2022/2023,2401202359210,2,137,59,"Victoria Bowling",Helcl,1,5,0,2,0,24,11,0.0909,0.5000
2023-01-24,2023,2022/2023,2401202359310,3,124,59,"Victoria Bowling",Vrbic,2,3,1,2,0,24,11,0.1818,0.3333
2023-01-24,2023,2022/2023,2401202359410,4,131,59,"Victoria Bowling",Spinda,3,1,0,2,0,24,10,0.3000,0.1429
2023-01-24,2023,2022/2023,2401202360110,1,123,60,"Victoria Bowling",Pichy,1,4,0,2,2,23,11,0.0909,0.4000
2023-01-24,2023,2022/2023,2401202360210,2,137,60,"Victoria Bowling",Helcl,0,6,0,2,2,23,10,0.0000,0.6000
2023-01-24,2023,2022/2023,2401202360310,3,114,60,"Victoria Bowling",Vrbic,2,1,1,2,0,23,10,0.2000,0.1250
2023-01-24,2023,2022/2023,2401202360410,4,122,60,"Victoria Bowling",Spinda,1,3,0,3,0,23,10,0.1000,0.3333
2023-01-24,2023,2022/2023,2401202361110,1,101,61,"Victoria Bowling",Pichy,0,3,1,0,0,24,10,0.0000,0.3000
2023-01-24,2023,2022/2023,2401202361210,2,124,61,"Victoria Bowling",Helcl,2,2,0,3,0,24,10,0.2000,0.2500
2023-01-24,2023,2022/2023,2401202361310,3,108,61,"Victoria Bowling",Vrbic,1,1,1,4,0,24,10,0.1000,0.1111
2023-01-24,2023,2022/2023,2401202361410,4,121,61,"Victoria Bowling",Spinda,0,4,0,2,0,24,11,0.0000,0.3636
2023-01-24,2023,2022/2023,2401202362110,1,114,62,"Victoria Bowling",Pichy,3,0,0,0,1,22,10,0.3000,0.0000
2023-01-24,2023,2022/2023,2401202362210,2,168,62,"Victoria Bowling",Helcl,4,4,0,2,0,22,12,0.3333,0.5000
2023-01-24,2023,2022/2023,2401202362310,3,109,62,"Victoria Bowling",Vrbic,0,3,0,3,1,22,10,0.0000,0.3000
2023-01-24,2023,2022/2023,2401202362410,4,147,62,"Victoria Bowling",Spinda,3,5,0,2,0,22,11,0.2727,0.6250
2023-01-31,2023,2022/2023,3101202363110,1,132,63,"Victoria Bowling",Pichy,1,6,2,1,1,23,10,0.1000,0.6667
2023-01-31,2023,2022/2023,3101202363210,2,140,63,"Victoria Bowling",Helcl,2,3,0,1,0,23,11,0.1818,0.3333
2023-01-31,2023,2022/2023,3101202363310,3,91,63,"Victoria Bowling",Vrbic,0,1,0,4,1,23,10,0.0000,0.1000
2023-01-31,2023,2022/2023,3101202363410,4,148,63,"Victoria Bowling",Spinda,3,3,0,1,1,23,10,0.3000,0.4286
2023-01-31,2023,2022/2023,3101202364110,1,121,64,"Victoria Bowling",Pichy,2,2,0,4,1,21,10,0.2000,0.2500
2023-01-31,2023,2022/2023,3101202364210,2,143,64,"Victoria Bowling",Helcl,3,2,0,1,0,21,11,0.2727,0.2500
2023-01-31,2023,2022/2023,3101202364310,3,100,64,"Victoria Bowling",Vrbic,1,2,0,1,2,21,10,0.1000,0.2222
2023-01-31,2023,2022/2023,3101202364410,4,108,64,"Victoria Bowling",Spinda,2,2,1,0,1,21,11,0.1818,0.2222
2023-01-31,2023,2022/2023,3101202365110,1,91,65,"Victoria Bowling",Pichy,1,1,0,3,1,27,11,0.0909,0.1000
2023-01-31,2023,2022/2023,3101202365210,2,167,65,"Victoria Bowling",Helcl,2,6,0,1,1,27,11,0.1818,0.6667
2023-01-31,2023,2022/2023,3101202365310,3,112,65,"Victoria Bowling",Vrbic,1,3,1,2,1,27,10,0.1000,0.3333
2023-01-31,2023,2022/2023,3101202365410,4,101,65,"Victoria Bowling",Spinda,1,1,0,3,3,27,10,0.1000,0.1111
2023-02-06,2023,2022/2023,602202366110,1,98,66,"Aboslutní bowling",Pichy,0,2,1,2,1,24,10,0.0000,0.2000
2023-02-06,2023,2022/2023,602202366210,2,145,66,"Aboslutní bowling",Helcl,2,4,0,1,1,24,10,0.2000,0.5000
2023-02-06,2023,2022/2023,602202366310,3,112,66,"Aboslutní bowling",Vrbic,2,1,1,4,1,24,10,0.2000,0.1250
2023-02-06,2023,2022/2023,602202366410,4,148,66,"Aboslutní bowling",Spinda,1,5,0,2,0,24,10,0.1000,0.5556
2023-02-06,2023,2022/2023,602202367110,1,81,67,"Aboslutní bowling",Pichy,0,2,2,2,1,24,10,0.0000,0.2000
2023-02-06,2023,2022/2023,602202367210,2,162,67,"Aboslutní bowling",Helcl,3,3,0,4,1,24,11,0.2727,0.3750
2023-02-06,2023,2022/2023,602202367310,3,83,67,"Aboslutní bowling",Vrbic,0,1,1,3,1,24,10,0.0000,0.1000
2023-02-06,2023,2022/2023,602202367410,4,120,67,"Aboslutní bowling",Spinda,2,2,0,3,0,24,10,0.2000,0.2500
2023-02-21,2023,2022/2023,2102202368110,1,119,68,"Victoria Bowling",Pichy,0,5,1,2,2,24,11,0.0000,0.4545
2023-02-21,2023,2022/2023,2102202368210,2,152,68,"Victoria Bowling",Helcl,5,2,0,3,1,24,12,0.4167,0.2857
2023-02-21,2023,2022/2023,2102202368310,3,155,68,"Victoria Bowling",Vrbic,4,3,1,1,0,24,11,0.3636,0.4286
2023-02-21,2023,2022/2023,2102202368410,4,146,68,"Victoria Bowling",Spinda,2,5,0,0,0,24,11,0.1818,0.5556
2023-02-21,2023,2022/2023,2102202369110,1,121,69,"Victoria Bowling",Pichy,2,3,0,3,2,24,11,0.1818,0.3333
2023-02-21,2023,2022/2023,2102202369210,2,180,69,"Victoria Bowling",Helcl,4,3,0,1,1,24,11,0.3636,0.4286
2023-02-21,2023,2022/2023,2102202369310,3,113,69,"Victoria Bowling",Vrbic,1,2,0,1,1,24,10,0.1000,0.2222
2023-02-21,2023,2022/2023,2102202369410,4,177,69,"Victoria Bowling",Spinda,4,4,0,0,0,24,11,0.3636,0.5714
2023-02-21,2023,2022/2023,2102202370110,1,115,70,"Victoria Bowling",Pichy,1,3,0,1,2,22,11,0.0909,0.3000
2023-02-21,2023,2022/2023,2102202370210,2,136,70,"Victoria Bowling",Helcl,3,2,0,2,0,22,10,0.3000,0.2857
2023-02-21,2023,2022/2023,2102202370310,3,145,70,"Victoria Bowling",Vrbic,1,5,0,2,1,22,10,0.1000,0.5556
2023-02-21,2023,2022/2023,2102202370410,4,121,70,"Victoria Bowling",Spinda,3,1,5,0,1,22,11,0.2727,0.1250
2023-09-06,2023,2023/2024,202371110,1,122,71,"Xbowling Strašnice",Pichy,2,3,1,2,0,25,10,0.2000,0.3750
2023-09-06,2023,2023/2024,202371210,2,135,71,"Xbowling Strašnice",Helcl,2,2,0,0,2,25,10,0.2000,0.2500
2023-09-06,2023,2023/2024,202371310,3,102,71,"Xbowling Strašnice",Vrbic,2,0,0,4,1,25,10,0.2000,0.0000
2023-09-06,2023,2023/2024,202371410,4,136,71,"Xbowling Strašnice",Spinda,1,6,0,2,0,25,11,0.0909,0.6000
2023-09-06,2023,2023/2024,202372110,1,128,72,"Xbowling Strašnice",Pichy,4,2,0,5,1,26,12,0.3333,0.2500
2023-09-06,2023,2023/2024,202372210,2,182,72,"Xbowling Strašnice",Helcl,2,7,0,0,0,26,11,0.1818,0.7778
2023-09-06,2023,2023/2024,202372310,3,113,72,"Xbowling Strašnice",Vrbic,1,2,0,4,0,26,10,0.1000,0.2222
2023-09-06,2023,2023/2024,202372410,4,133,72,"Xbowling Strašnice",Spinda,1,3,0,3,4,26,11,0.0909,0.3000
2023-09-25,2023,2023/2024,202373110,1,103,73,"Xbowling Strašnice",Pichy,2,0,0,5,0,25,10,0.2000,0.0000
2023-09-25,2023,2023/2024,202373210,2,156,73,"Xbowling Strašnice",Helcl,2,5,0,2,1,25,10,0.2000,0.6250
2023-09-25,2023,2023/2024,202373310,3,116,73,"Xbowling Strašnice",Vrbic,2,3,0,3,0,25,10,0.2000,0.3750
2023-09-25,2023,2023/2024,202373410,4,138,73,"Xbowling Strašnice",Spinda,2,3,0,2,2,25,10,0.2000,0.3750
2023-09-25,2023,2023/2024,202374110,1,122,74,"Xbowling Strašnice",Pichy,2,3,0,1,0,32,11,0.1818,0.3333
2023-09-25,2023,2023/2024,202374210,2,172,74,"Xbowling Strašnice",Helcl,3,6,0,2,0,32,11,0.2727,0.7500
2023-09-25,2023,2023/2024,202374310,3,123,74,"Xbowling Strašnice",Vrbic,1,3,0,3,0,32,10,0.1000,0.3333
2023-09-25,2023,2023/2024,202374410,4,163,74,"Xbowling Strašnice",Spinda,2,7,0,0,0,32,11,0.1818,0.7778
